Campaign,Disaster_Type,Donation_Type,Amount,Quantity,Donor_Type,Region,Date
Winter Warmth Drive,Earthquake,Food,0,2280,Corporate,Central India,2024-01-03
Flood Relief Fund,Cold Wave,Shelter Material,0,58,NGO,Northeast India,2024-01-07
Winter Warmth Drive,Earthquake,Shelter Material,0,1869,NGO,Central India,2024-01-11
Flood Relief Fund,Cold Wave,Clothing,0,824,Diaspora,Central India,2024-01-14
Winter Warmth Drive,Cold Wave,Cash,167383,0,NGO,Northeast India,2024-01-15
Earthquake Response 2025,Cold Wave,Medicine,0,4896,NGO,Northeast India,2024-01-17
Earthquake Response 2025,Cold Wave,Cash,131980,0,Corporate,North India,2024-01-18
Earthquake Response 2025,Cold Wave,Equipment,0,914,NGO,Northeast India,2024-01-19
Earthquake Response 2025,Cold Wave,Clothing,0,2922,Diaspora,North India,2024-01-20
Medical Camp Drive,Cold Wave,Medicine,0,1991,Diaspora,Central India,2024-01-23
Flood Relief Fund,Cold Wave,Equipment,0,1124,Government,Northeast India,2024-01-27
Winter Warmth Drive,Earthquake,Cash,3986,0,Government,Central India,2024-01-27
Cyclone Recovery Drive,Cold Wave,Medicine,0,2789,Diaspora,Northeast India,2024-01-27
Winter Warmth Drive,Cold Wave,Food,0,2024,Corporate,Central India,2024-01-30
Medical Camp Drive,Cold Wave,Shelter Material,0,2302,Government,North India,2024-01-30
Rebuild Kerala,Earthquake,Cash,420125,0,Government,Central India,2024-01-31
Cyclone Recovery Drive,Wildfire,Shelter Material,0,1002,Government,Northeast India,2024-01-31
Winter Warmth Drive,Cold Wave,Equipment,0,1295,Government,Central India,2024-01-31
Flood Relief Fund,Cold Wave,Clothing,0,962,Government,North India,2024-01-31
Earthquake Response 2025,Cold Wave,Food,0,2299,NGO,North India,2024-01-31
Winter Warmth Drive,Cold Wave,Cash,4196,0,Individual,North India,2024-02-01
Medical Camp Drive,Cold Wave,Equipment,0,4619,Corporate,North India,2024-02-03
Flood Relief Fund,Cold Wave,Cash,100673,0,Diaspora,Central India,2024-02-03
Flood Relief Fund,Earthquake,Clothing,0,4213,Diaspora,Central India,2024-02-03
Rebuild Kerala,Cold Wave,Clothing,0,3114,Corporate,North India,2024-02-04
Cyclone Recovery Drive,Cold Wave,Food,0,1736,Individual,North India,2024-02-04
Shelter For All,Cold Wave,Equipment,0,4670,Government,Northeast India,2024-02-06
Flood Relief Fund,Wildfire,Clothing,0,1513,Diaspora,Central India,2024-02-07
Drought Water Mission,Cold Wave,Clothing,0,903,NGO,North India,2024-02-08
Shelter For All,Wildfire,Food,0,4274,Diaspora,Northeast India,2024-02-08
Winter Warmth Drive,Cold Wave,Medicine,0,4703,Government,North India,2024-02-10
Winter Warmth Drive,Drought,Shelter Material,0,3171,NGO,Central India,2024-02-14
Winter Warmth Drive,Earthquake,Clothing,0,3388,Diaspora,East India,2024-02-15
Shelter For All,Earthquake,Equipment,0,4900,Corporate,Central India,2024-02-15
Winter Warmth Drive,Earthquake,Food,0,4109,Diaspora,Central India,2024-02-16
Winter Warmth Drive,Cold Wave,Clothing,0,66,Government,North India,2024-02-17
Winter Warmth Drive,Earthquake,Shelter Material,0,1893,Diaspora,Central India,2024-02-18
Earthquake Response 2025,Cold Wave,Clothing,0,761,Corporate,Northeast India,2024-02-20
Earthquake Response 2025,Cold Wave,Medicine,0,1384,Diaspora,Northeast India,2024-02-21
Drought Water Mission,Wildfire,Clothing,0,2507,NGO,South India,2024-02-22
Cyclone Recovery Drive,Wildfire,Medicine,0,1598,Corporate,Northeast India,2024-02-22
Drought Water Mission,Cold Wave,Clothing,0,3901,Government,North India,2024-02-22
Earthquake Response 2025,Cold Wave,Shelter Material,0,4996,Diaspora,Northeast India,2024-02-24
Rebuild Kerala,Wildfire,Food,0,4330,Corporate,Northeast India,2024-02-24
Cyclone Recovery Drive,Wildfire,Equipment,0,4148,NGO,South India,2024-02-25
Flood Relief Fund,Cold Wave,Food,0,4945,Diaspora,Northeast India,2024-02-25
Drought Water Mission,Cold Wave,Shelter Material,0,4981,Government,North India,2024-02-25
Rebuild Kerala,Cold Wave,Clothing,0,2177,Diaspora,North India,2024-02-25
Cyclone Recovery Drive,Drought,Equipment,0,1133,Government,East India,2024-02-26
Flood Relief Fund,Wildfire,Food,0,1063,Individual,Northeast India,2024-02-26
Shelter For All,Wildfire,Medicine,0,4593,NGO,West India,2024-02-27
Flood Relief Fund,Cold Wave,Cash,161313,0,Government,Central India,2024-02-27
Drought Water Mission,Wildfire,Equipment,0,1343,Government,West India,2024-02-27
Earthquake Response 2025,Drought,Shelter Material,0,3445,Corporate,East India,2024-02-29
Earthquake Response 2025,Drought,Medicine,0,361,Diaspora,East India,2024-02-29
Winter Warmth Drive,Drought,Shelter Material,0,2215,Corporate,Central India,2024-02-29
Medical Camp Drive,Wildfire,Clothing,0,1479,Government,Northeast India,2024-02-29
Winter Warmth Drive,Wildfire,Equipment,0,848,Individual,South India,2024-03-01
Flood Relief Fund,Wildfire,Medicine,0,210,Individual,South India,2024-03-01
Drought Water Mission,Wildfire,Shelter Material,0,2186,Diaspora,South India,2024-03-03
Earthquake Response 2025,Cold Wave,Equipment,0,1982,Corporate,Northeast India,2024-03-04
Flood Relief Fund,Wildfire,Clothing,0,3449,Individual,South India,2024-03-05
Winter Warmth Drive,Earthquake,Food,0,156,Government,East India,2024-03-05
Winter Warmth Drive,Earthquake,Medicine,0,1565,Individual,East India,2024-03-05
Winter Warmth Drive,Drought,Equipment,0,102,Individual,East India,2024-03-05
Earthquake Response 2025,Wildfire,Clothing,0,4044,Corporate,Central India,2024-03-05
Shelter For All,Drought,Food,0,1170,NGO,North India,2024-03-06
Medical Camp Drive,Drought,Clothing,0,4482,Government,North India,2024-03-06
Earthquake Response 2025,Drought,Food,0,4408,Government,Central India,2024-03-07
Earthquake Response 2025,Wildfire,Equipment,0,490,Individual,Central India,2024-03-07
Drought Water Mission,Cold Wave,Cash,332477,0,Diaspora,North India,2024-03-07
Winter Warmth Drive,Drought,Medicine,0,3996,Corporate,Central India,2024-03-08
Rebuild Kerala,Wildfire,Equipment,0,2188,Government,Central India,2024-03-08
Earthquake Response 2025,Wildfire,Shelter Material,0,1168,Individual,Central India,2024-03-08
Rebuild Kerala,Drought,Equipment,0,4446,Government,East India,2024-03-08
Earthquake Response 2025,Cold Wave,Cash,2973504,0,Diaspora,Northeast India,2024-03-09
Flood Relief Fund,Wildfire,Equipment,0,2317,Corporate,Central India,2024-03-09
Earthquake Response 2025,Cold Wave,Equipment,0,3255,Individual,Central India,2024-03-10
Flood Relief Fund,Drought,Shelter Material,0,2219,Corporate,East India,2024-03-11
Cyclone Recovery Drive,Drought,Cash,5634876,0,Government,Central India,2024-03-11
Rebuild Kerala,Wildfire,Cash,119549,0,Diaspora,Northeast India,2024-03-11
Rebuild Kerala,Drought,Cash,493205,0,Diaspora,North India,2024-03-13
Medical Camp Drive,Wildfire,Medicine,0,2583,Corporate,South India,2024-03-13
Earthquake Response 2025,Wildfire,Food,0,1623,Corporate,South India,2024-03-13
Earthquake Response 2025,Drought,Shelter Material,0,1812,NGO,West India,2024-03-14
Drought Water Mission,Wildfire,Clothing,0,4516,Individual,South India,2024-03-14
Drought Water Mission,Earthquake,Cash,98998,0,Individual,East India,2024-03-15
Cyclone Recovery Drive,Drought,Shelter Material,0,1377,Government,Central India,2024-03-15
Winter Warmth Drive,Drought,Equipment,0,2083,Individual,Central India,2024-03-17
Medical Camp Drive,Earthquake,Medicine,0,3097,Corporate,Central India,2024-03-19
Rebuild Kerala,Drought,Equipment,0,3486,Government,East India,2024-03-19
Shelter For All,Drought,Equipment,0,1752,NGO,West India,2024-03-20
Cyclone Recovery Drive,Wildfire,Food,0,947,NGO,South India,2024-03-20
Shelter For All,Wildfire,Shelter Material,0,4562,Government,Central India,2024-03-21
Medical Camp Drive,Wildfire,Medicine,0,187,Corporate,Northeast India,2024-03-21
Cyclone Recovery Drive,Drought,Clothing,0,1171,Diaspora,West India,2024-03-21
Medical Camp Drive,Wildfire,Clothing,0,495,Government,South India,2024-03-21
Winter Warmth Drive,Wildfire,Equipment,0,4687,Corporate,Central India,2024-03-21
Flood Relief Fund,Earthquake,Medicine,0,3818,Corporate,East India,2024-03-22
Cyclone Recovery Drive,Earthquake,Food,0,3872,Government,East India,2024-03-23
Cyclone Recovery Drive,Drought,Clothing,0,3491,Corporate,Central India,2024-03-24
Cyclone Recovery Drive,Wildfire,Equipment,0,528,Corporate,South India,2024-03-24
Shelter For All,Wildfire,Shelter Material,0,1442,Corporate,South India,2024-03-24
Rebuild Kerala,Earthquake,Shelter Material,0,2885,Individual,East India,2024-03-26
Flood Relief Fund,Drought,Cash,408775,0,Corporate,West India,2024-03-27
Cyclone Recovery Drive,Wildfire,Shelter Material,0,897,Diaspora,South India,2024-03-28
Flood Relief Fund,Wildfire,Clothing,0,1316,Individual,South India,2024-03-28
Earthquake Response 2025,Earthquake,Food,0,3806,Corporate,East India,2024-03-28
Winter Warmth Drive,Wildfire,Food,0,2398,NGO,South India,2024-03-30
Medical Camp Drive,Drought,Medicine,0,913,NGO,East India,2024-03-30
Earthquake Response 2025,Wildfire,Clothing,0,4730,Corporate,South India,2024-03-31
Rebuild Kerala,Drought,Clothing,0,3088,Individual,South India,2024-03-31
Medical Camp Drive,Drought,Equipment,0,1030,Government,East India,2024-03-31
Flood Relief Fund,Drought,Clothing,0,763,Corporate,West India,2024-04-01
Drought Water Mission,Drought,Equipment,0,3703,NGO,West India,2024-04-01
Drought Water Mission,Drought,Medicine,0,4831,Diaspora,Central India,2024-04-02
Rebuild Kerala,Earthquake,Medicine,0,3486,Individual,Central India,2024-04-03
Rebuild Kerala,Drought,Shelter Material,0,2620,Diaspora,Central India,2024-04-03
Drought Water Mission,Drought,Medicine,0,2608,Government,West India,2024-04-03
Rebuild Kerala,Wildfire,Clothing,0,2962,NGO,South India,2024-04-05
Rebuild Kerala,Drought,Cash,5661012,0,Diaspora,East India,2024-04-06
Shelter For All,Wildfire,Clothing,0,514,Corporate,North India,2024-04-06
Cyclone Recovery Drive,Drought,Shelter Material,0,2057,Government,West India,2024-04-06
Rebuild Kerala,Wildfire,Food,0,1178,Individual,South India,2024-04-07
Medical Camp Drive,Drought,Clothing,0,85,Government,North India,2024-04-07
Medical Camp Drive,Earthquake,Shelter Material,0,1249,Government,East India,2024-04-08
Winter Warmth Drive,Wildfire,Equipment,0,3081,Government,South India,2024-04-09
Rebuild Kerala,Heatwave,Shelter Material,0,4244,Diaspora,East India,2024-04-09
Drought Water Mission,Wildfire,Food,0,206,Diaspora,Central India,2024-04-11
Rebuild Kerala,Earthquake,Equipment,0,961,Government,Central India,2024-04-11
Shelter For All,Wildfire,Medicine,0,1821,Government,Central India,2024-04-11
Cyclone Recovery Drive,Heatwave,Food,0,3701,Corporate,Central India,2024-04-13
Cyclone Recovery Drive,Wildfire,Equipment,0,2770,Individual,South India,2024-04-13
Shelter For All,Drought,Clothing,0,715,NGO,South India,2024-04-13
Cyclone Recovery Drive,Earthquake,Shelter Material,0,1621,NGO,East India,2024-04-14
Earthquake Response 2025,Heatwave,Food,0,3051,Corporate,North India,2024-04-14
Winter Warmth Drive,Drought,Cash,442319,0,Corporate,Central India,2024-04-14
Shelter For All,Heatwave,Cash,4099620,0,Corporate,North India,2024-04-15
Drought Water Mission,Wildfire,Equipment,0,4670,Government,South India,2024-04-15
Shelter For All,Wildfire,Shelter Material,0,1560,Corporate,Central India,2024-04-16
Flood Relief Fund,Wildfire,Shelter Material,0,232,NGO,South India,2024-04-18
Cyclone Recovery Drive,Drought,Equipment,0,2514,Government,West India,2024-04-18
Shelter For All,Wildfire,Food,0,3894,Diaspora,Central India,2024-04-18
Medical Camp Drive,Heatwave,Medicine,0,3569,Individual,Central India,2024-04-19
Medical Camp Drive,Heatwave,Shelter Material,0,12,Government,North India,2024-04-19
Flood Relief Fund,Drought,Food,0,3693,Diaspora,South India,2024-04-19
Earthquake Response 2025,Drought,Cash,231819,0,Government,East India,2024-04-19
Winter Warmth Drive,Heatwave,Medicine,0,4155,NGO,East India,2024-04-20
Earthquake Response 2025,Drought,Medicine,0,4714,Individual,West India,2024-04-20
Rebuild Kerala,Heatwave,Cash,299981,0,Diaspora,Central India,2024-04-20
Medical Camp Drive,Drought,Food,0,2095,Individual,Central India,2024-04-20
Earthquake Response 2025,Drought,Equipment,0,3243,Corporate,East India,2024-04-22
Medical Camp Drive,Wildfire,Equipment,0,3571,Individual,South India,2024-04-22
Rebuild Kerala,Wildfire,Equipment,0,3977,Diaspora,Central India,2024-04-23
Earthquake Response 2025,Drought,Equipment,0,4514,Individual,West India,2024-04-23
Cyclone Recovery Drive,Heatwave,Medicine,0,1896,Diaspora,South India,2024-04-24
Earthquake Response 2025,Heatwave,Food,0,1562,Individual,South India,2024-04-24
Flood Relief Fund,Wildfire,Clothing,0,1341,Government,Northeast India,2024-04-24
Drought Water Mission,Heatwave,Food,0,3179,Diaspora,North India,2024-04-24
Flood Relief Fund,Wildfire,Medicine,0,543,Individual,South India,2024-04-24
Rebuild Kerala,Drought,Clothing,0,2209,Government,Central India,2024-04-25
Shelter For All,Drought,Medicine,0,1258,Diaspora,South India,2024-04-26
Winter Warmth Drive,Drought,Clothing,0,2259,Corporate,Central India,2024-04-26
Earthquake Response 2025,Earthquake,Medicine,0,3270,NGO,North India,2024-04-26
Earthquake Response 2025,Drought,Food,0,3240,Government,East India,2024-04-26
Shelter For All,Earthquake,Shelter Material,0,4205,Diaspora,East India,2024-04-27
Winter Warmth Drive,Heatwave,Clothing,0,3490,NGO,East India,2024-04-27
Cyclone Recovery Drive,Heatwave,Shelter Material,0,1545,Government,South India,2024-04-28
Cyclone Recovery Drive,Drought,Food,0,4710,Corporate,Central India,2024-04-28
Winter Warmth Drive,Drought,Equipment,0,104,NGO,West India,2024-04-29
Winter Warmth Drive,Heatwave,Shelter Material,0,3580,Government,North India,2024-04-29
Drought Water Mission,Drought,Shelter Material,0,3297,Diaspora,North India,2024-04-29
Winter Warmth Drive,Heatwave,Clothing,0,2267,Diaspora,East India,2024-04-30
Shelter For All,Heatwave,Medicine,0,3234,Individual,South India,2024-04-30
Flood Relief Fund,Drought,Food,0,3270,Diaspora,Central India,2024-04-30
Winter Warmth Drive,Earthquake,Clothing,0,1331,NGO,North India,2024-04-30
Earthquake Response 2025,Drought,Food,0,3707,Diaspora,East India,2024-04-30
Shelter For All,Drought,Cash,291621,0,Diaspora,West India,2024-05-01
Flood Relief Fund,Drought,Cash,243136,0,Individual,West India,2024-05-01
Shelter For All,Cyclone,Equipment,0,3442,Government,West India,2024-05-01
Flood Relief Fund,Drought,Food,0,200,NGO,West India,2024-05-02
Rebuild Kerala,Drought,Cash,184971,0,Diaspora,Central India,2024-05-02
Earthquake Response 2025,Earthquake,Shelter Material,0,756,NGO,East India,2024-05-03
Medical Camp Drive,Wildfire,Food,0,1555,Corporate,Central India,2024-05-03
Cyclone Recovery Drive,Heatwave,Shelter Material,0,271,Diaspora,Central India,2024-05-03
Cyclone Recovery Drive,Cyclone,Cash,145786,0,NGO,West India,2024-05-03
Medical Camp Drive,Wildfire,Clothing,0,3650,NGO,West India,2024-05-03
Rebuild Kerala,Drought,Equipment,0,3497,Corporate,Central India,2024-05-03
Earthquake Response 2025,Flood,Shelter Material,0,4730,Corporate,West India,2024-05-04
Rebuild Kerala,Flood,Food,0,4555,Corporate,West India,2024-05-04
Earthquake Response 2025,Wildfire,Food,0,350,Individual,Central India,2024-05-04
Cyclone Recovery Drive,Drought,Shelter Material,0,4048,Government,West India,2024-05-04
Medical Camp Drive,Heatwave,Equipment,0,313,NGO,Central India,2024-05-04
Drought Water Mission,Drought,Cash,73012,0,Individual,Central India,2024-05-04
Medical Camp Drive,Heatwave,Equipment,0,4218,Corporate,North India,2024-05-05
Rebuild Kerala,Drought,Shelter Material,0,629,NGO,East India,2024-05-05
Flood Relief Fund,Wildfire,Food,0,3947,Corporate,South India,2024-05-05
Rebuild Kerala,Heatwave,Medicine,0,3494,Individual,North India,2024-05-05
Earthquake Response 2025,Drought,Shelter Material,0,3571,Government,West India,2024-05-05
Winter Warmth Drive,Drought,Shelter Material,0,3173,Corporate,West India,2024-05-05
Earthquake Response 2025,Heatwave,Clothing,0,3508,Corporate,East India,2024-05-05
Shelter For All,Wildfire,Clothing,0,1700,Government,Central India,2024-05-05
Earthquake Response 2025,Heatwave,Clothing,0,4733,NGO,Central India,2024-05-06
Drought Water Mission,Heatwave,Food,0,4032,Diaspora,Central India,2024-05-07
Flood Relief Fund,Drought,Equipment,0,4264,Individual,Central India,2024-05-08
Earthquake Response 2025,Drought,Shelter Material,0,1956,Diaspora,West India,2024-05-08
Rebuild Kerala,Heatwave,Equipment,0,2204,Corporate,Central India,2024-05-08
Drought Water Mission,Heatwave,Shelter Material,0,4852,Government,North India,2024-05-09
Rebuild Kerala,Wildfire,Equipment,0,1768,Corporate,Central India,2024-05-09
Rebuild Kerala,Heatwave,Equipment,0,3746,Government,South India,2024-05-10
Rebuild Kerala,Wildfire,Cash,201457,0,Government,Central India,2024-05-10
Winter Warmth Drive,Drought,Medicine,0,3899,Individual,Central India,2024-05-10
Winter Warmth Drive,Wildfire,Equipment,0,1247,Individual,South India,2024-05-10
Cyclone Recovery Drive,Drought,Clothing,0,4252,Corporate,East India,2024-05-10
Drought Water Mission,Earthquake,Food,0,4400,Corporate,North India,2024-05-11
Drought Water Mission,Wildfire,Medicine,0,4245,Government,Central India,2024-05-11
Winter Warmth Drive,Heatwave,Food,0,2994,Individual,East India,2024-05-11
Winter Warmth Drive,Flood,Clothing,0,21,Corporate,East India,2024-05-12
Cyclone Recovery Drive,Wildfire,Shelter Material,0,1817,Individual,Central India,2024-05-12
Earthquake Response 2025,Heatwave,Medicine,0,3477,Corporate,West India,2024-05-12
Winter Warmth Drive,Flood,Food,0,863,Individual,East India,2024-05-12
Earthquake Response 2025,Drought,Food,0,1888,Corporate,West India,2024-05-13
Drought Water Mission,Cyclone,Shelter Material,0,986,Corporate,West India,2024-05-13
Shelter For All,Cyclone,Cash,66822,0,Government,West India,2024-05-13
Shelter For All,Wildfire,Clothing,0,2567,Diaspora,West India,2024-05-13
Medical Camp Drive,Heatwave,Medicine,0,4802,Government,South India,2024-05-13
Winter Warmth Drive,Drought,Medicine,0,2034,Individual,East India,2024-05-14
Drought Water Mission,Flood,Clothing,0,2057,Corporate,North India,2024-05-15
Rebuild Kerala,Wildfire,Medicine,0,2791,NGO,West India,2024-05-15
Flood Relief Fund,Cloudburst,Food,0,3862,Diaspora,West India,2024-05-15
Earthquake Response 2025,Drought,Clothing,0,2981,Corporate,Central India,2024-05-15
Medical Camp Drive,Drought,Medicine,0,1356,Diaspora,West India,2024-05-15
Cyclone Recovery Drive,Drought,Equipment,0,1517,Diaspora,West India,2024-05-16
Shelter For All,Drought,Medicine,0,529,Government,West India,2024-05-16
Shelter For All,Heatwave,Medicine,0,4288,Government,South India,2024-05-17
Shelter For All,Wildfire,Clothing,0,3842,Corporate,West India,2024-05-17
Winter Warmth Drive,Drought,Food,0,3461,Corporate,Central India,2024-05-18
Flood Relief Fund,Heatwave,Shelter Material,0,2957,Government,East India,2024-05-18
Medical Camp Drive,Drought,Food,0,4913,Corporate,East India,2024-05-18
Cyclone Recovery Drive,Cloudburst,Medicine,0,2239,Government,North India,2024-05-19
Winter Warmth Drive,Wildfire,Medicine,0,880,Corporate,South India,2024-05-19
Medical Camp Drive,Wildfire,Equipment,0,675,Government,South India,2024-05-19
Rebuild Kerala,Wildfire,Clothing,0,290,Corporate,West India,2024-05-19
Shelter For All,Flood,Clothing,0,1510,Diaspora,East India,2024-05-19
Medical Camp Drive,Drought,Food,0,2771,NGO,Northeast India,2024-05-19
Cyclone Recovery Drive,Heatwave,Cash,66439,0,Individual,Central India,2024-05-19
Cyclone Recovery Drive,Cloudburst,Food,0,1020,Diaspora,West India,2024-05-20
Cyclone Recovery Drive,Wildfire,Cash,296053,0,Diaspora,West India,2024-05-20
Rebuild Kerala,Flood,Clothing,0,2625,Diaspora,West India,2024-05-20
Winter Warmth Drive,Wildfire,Clothing,0,2850,Individual,Central India,2024-05-20
Medical Camp Drive,Heatwave,Shelter Material,0,2566,Diaspora,East India,2024-05-20
Flood Relief Fund,Flood,Equipment,0,282,Government,Central India,2024-05-20
Shelter For All,Drought,Shelter Material,0,588,Individual,Northeast India,2024-05-20
Winter Warmth Drive,Heatwave,Clothing,0,1368,Individual,East India,2024-05-20
Medical Camp Drive,Cloudburst,Clothing,0,1182,NGO,Northeast India,2024-05-21
Drought Water Mission,Drought,Cash,364885,0,NGO,North India,2024-05-21
Shelter For All,Heatwave,Clothing,0,4665,NGO,Northeast India,2024-05-21
Shelter For All,Flood,Cash,193312,0,Government,East India,2024-05-21
Earthquake Response 2025,Drought,Equipment,0,2787,Corporate,West India,2024-05-21
Earthquake Response 2025,Cyclone,Medicine,0,223,NGO,South India,2024-05-22
Rebuild Kerala,Drought,Clothing,0,2578,Individual,West India,2024-05-22
Drought Water Mission,Heatwave,Food,0,1273,Individual,North India,2024-05-22
Winter Warmth Drive,Heatwave,Equipment,0,2261,NGO,South India,2024-05-22
Drought Water Mission,Heatwave,Medicine,0,1437,Individual,North India,2024-05-22
Cyclone Recovery Drive,Heatwave,Medicine,0,1445,NGO,Central India,2024-05-22
Drought Water Mission,Drought,Equipment,0,4964,Individual,Central India,2024-05-23
Drought Water Mission,Heatwave,Shelter Material,0,667,Corporate,East India,2024-05-23
Rebuild Kerala,Heatwave,Cash,198084,0,Government,East India,2024-05-23
Shelter For All,Drought,Food,0,4244,Corporate,East India,2024-05-23
Flood Relief Fund,Drought,Food,0,1713,Diaspora,North India,2024-05-24
Winter Warmth Drive,Wildfire,Cash,366351,0,Individual,South India,2024-05-24
Rebuild Kerala,Wildfire,Cash,416566,0,Diaspora,West India,2024-05-24
Cyclone Recovery Drive,Heatwave,Clothing,0,1204,Individual,Central India,2024-05-24
Cyclone Recovery Drive,Cyclone,Clothing,0,3815,Diaspora,West India,2024-05-24
Medical Camp Drive,Wildfire,Cash,340969,0,Corporate,West India,2024-05-24
Medical Camp Drive,Flood,Food,0,3150,Corporate,East India,2024-05-25
Medical Camp Drive,Cloudburst,Equipment,0,1828,Diaspora,Central India,2024-05-25
Winter Warmth Drive,Heatwave,Equipment,0,4864,Individual,East India,2024-05-25
Winter Warmth Drive,Wildfire,Food,0,809,Diaspora,East India,2024-05-25
Winter Warmth Drive,Heatwave,Cash,152365,0,Government,North India,2024-05-25
Shelter For All,Drought,Clothing,0,4712,Corporate,North India,2024-05-25
Drought Water Mission,Drought,Food,0,4124,Individual,North India,2024-05-25
Winter Warmth Drive,Earthquake,Equipment,0,4358,Individual,North India,2024-05-25
Earthquake Response 2025,Flood,Medicine,0,2112,Government,East India,2024-05-25
Flood Relief Fund,Heatwave,Shelter Material,0,2338,Individual,West India,2024-05-25
Medical Camp Drive,Drought,Cash,91084,0,Diaspora,North India,2024-05-25
Shelter For All,Wildfire,Food,0,2058,NGO,East India,2024-05-26
Cyclone Recovery Drive,Flood,Food,0,3181,NGO,West India,2024-05-26
Rebuild Kerala,Earthquake,Food,0,4966,NGO,North India,2024-05-26
Medical Camp Drive,Drought,Cash,58955,0,Corporate,East India,2024-05-26
Rebuild Kerala,Cyclone,Food,0,2611,Government,West India,2024-05-26
Medical Camp Drive,Wildfire,Cash,482309,0,Diaspora,East India,2024-05-27
Drought Water Mission,Heatwave,Medicine,0,2044,Corporate,East India,2024-05-27
Winter Warmth Drive,Cloudburst,Cash,421803,0,NGO,North India,2024-05-27
Shelter For All,Drought,Equipment,0,3147,Government,South India,2024-05-27
Cyclone Recovery Drive,Heatwave,Shelter Material,0,580,Individual,East India,2024-05-27
Medical Camp Drive,Earthquake,Shelter Material,0,4721,Government,North India,2024-05-28
Winter Warmth Drive,Heatwave,Cash,34144,0,Corporate,Central India,2024-05-28
Winter Warmth Drive,Heatwave,Shelter Material,0,705,NGO,East India,2024-05-28
Winter Warmth Drive,Drought,Food,0,1005,NGO,North India,2024-05-28
Medical Camp Drive,Drought,Food,0,2323,Government,South India,2024-05-28
Earthquake Response 2025,Heatwave,Medicine,0,4348,Government,Central India,2024-05-28
Rebuild Kerala,Heatwave,Equipment,0,432,Diaspora,East India,2024-05-28
Winter Warmth Drive,Cyclone,Shelter Material,0,689,NGO,South India,2024-05-29
Rebuild Kerala,Wildfire,Food,0,4990,Corporate,East India,2024-05-29
Cyclone Recovery Drive,Heatwave,Cash,372682,0,Government,Northeast India,2024-05-30
Earthquake Response 2025,Drought,Clothing,0,499,NGO,North India,2024-05-30
Winter Warmth Drive,Heatwave,Medicine,0,3878,Corporate,West India,2024-05-30
Winter Warmth Drive,Heatwave,Cash,335471,0,Individual,East India,2024-05-30
Shelter For All,Flood,Clothing,0,4492,Diaspora,East India,2024-05-30
Shelter For All,Cloudburst,Shelter Material,0,3795,Individual,North India,2024-05-30
Medical Camp Drive,Heatwave,Food,0,4881,NGO,Central India,2024-05-31
Drought Water Mission,Heatwave,Food,0,1895,Diaspora,South India,2024-05-31
Winter Warmth Drive,Heatwave,Medicine,0,330,Government,East India,2024-05-31
Shelter For All,Cloudburst,Food,0,3827,Corporate,West India,2024-05-31
Cyclone Recovery Drive,Drought,Equipment,0,1707,NGO,Northeast India,2024-05-31
Shelter For All,Flood,Equipment,0,2226,Individual,East India,2024-06-01
Earthquake Response 2025,Earthquake,Equipment,0,2149,Diaspora,North India,2024-06-01
Shelter For All,Wildfire,Food,0,2668,Corporate,East India,2024-06-01
Medical Camp Drive,Flood,Shelter Material,0,886,Government,East India,2024-06-01
Flood Relief Fund,Drought,Clothing,0,3796,Diaspora,East India,2024-06-02
Cyclone Recovery Drive,Cloudburst,Clothing,0,1328,Corporate,Central India,2024-06-02
Medical Camp Drive,Cyclone,Food,0,4365,Individual,West India,2024-06-03
Drought Water Mission,Cyclone,Clothing,0,1961,Government,West India,2024-06-03
Medical Camp Drive,Wildfire,Equipment,0,3426,Government,Central India,2024-06-03
Rebuild Kerala,Cyclone,Shelter Material,0,3620,Government,West India,2024-06-03
Drought Water Mission,Heatwave,Cash,213197,0,NGO,East India,2024-06-03
Shelter For All,Wildfire,Equipment,0,3652,Diaspora,East India,2024-06-03
Drought Water Mission,Cyclone,Equipment,0,2455,Government,West India,2024-06-03
Rebuild Kerala,Heatwave,Cash,245831,0,NGO,East India,2024-06-03
Rebuild Kerala,Flood,Medicine,0,123,NGO,East India,2024-06-04
Drought Water Mission,Flood,Clothing,0,4092,Corporate,North India,2024-06-04
Winter Warmth Drive,Heatwave,Cash,223258,0,Diaspora,West India,2024-06-04
Cyclone Recovery Drive,Flood,Equipment,0,1380,NGO,West India,2024-06-05
Rebuild Kerala,Cyclone,Clothing,0,2818,Corporate,West India,2024-06-05
Shelter For All,Flood,Medicine,0,2945,Individual,West India,2024-06-05
Rebuild Kerala,Cyclone,Shelter Material,0,272,Individual,South India,2024-06-05
Medical Camp Drive,Flood,Food,0,2315,Individual,Central India,2024-06-05
Drought Water Mission,Drought,Shelter Material,0,3142,Diaspora,North India,2024-06-05
Drought Water Mission,Wildfire,Medicine,0,1935,Government,South India,2024-06-05
Earthquake Response 2025,Flood,Medicine,0,713,Corporate,Northeast India,2024-06-05
Earthquake Response 2025,Heatwave,Food,0,4027,NGO,North India,2024-06-06
Flood Relief Fund,Heatwave,Cash,411115,0,Individual,Northeast India,2024-06-06
Rebuild Kerala,Cyclone,Cash,428313,0,Government,South India,2024-06-06
Shelter For All,Wildfire,Equipment,0,2617,Individual,South India,2024-06-06
Medical Camp Drive,Cloudburst,Equipment,0,3769,Diaspora,West India,2024-06-06
Flood Relief Fund,Heatwave,Shelter Material,0,2572,Diaspora,West India,2024-06-06
Cyclone Recovery Drive,Heatwave,Medicine,0,3787,Corporate,East India,2024-06-06
Cyclone Recovery Drive,Cyclone,Cash,4636080,0,Government,West India,2024-06-06
Rebuild Kerala,Flood,Cash,489822,0,Government,West India,2024-06-06
Rebuild Kerala,Earthquake,Medicine,0,2953,Government,North India,2024-06-07
Medical Camp Drive,Heatwave,Cash,435454,0,Government,Central India,2024-06-07
Earthquake Response 2025,Heatwave,Equipment,0,4014,Government,Central India,2024-06-07
Rebuild Kerala,Cloudburst,Clothing,0,545,Diaspora,Northeast India,2024-06-07
Cyclone Recovery Drive,Cloudburst,Equipment,0,866,Individual,Northeast India,2024-06-07
Shelter For All,Heatwave,Medicine,0,1201,Individual,Central India,2024-06-07
Drought Water Mission,Wildfire,Equipment,0,200,Diaspora,Central India,2024-06-07
Cyclone Recovery Drive,Flood,Shelter Material,0,2490,Diaspora,East India,2024-06-07
Winter Warmth Drive,Cloudburst,Clothing,0,1343,Government,Northeast India,2024-06-07
Shelter For All,Drought,Equipment,0,4133,Corporate,North India,2024-06-08
Cyclone Recovery Drive,Drought,Food,0,2915,NGO,Central India,2024-06-08
Cyclone Recovery Drive,Flood,Cash,391449,0,Corporate,Northeast India,2024-06-08
Medical Camp Drive,Wildfire,Cash,294221,0,NGO,Central India,2024-06-09
Shelter For All,Landslide,Cash,375646,0,NGO,West India,2024-06-09
Drought Water Mission,Cloudburst,Clothing,0,437,Diaspora,North India,2024-06-09
Earthquake Response 2025,Heatwave,Shelter Material,0,2117,NGO,South India,2024-06-09
Rebuild Kerala,Heatwave,Medicine,0,4174,Diaspora,West India,2024-06-09
Drought Water Mission,Drought,Medicine,0,4245,NGO,Northeast India,2024-06-09
Earthquake Response 2025,Heatwave,Clothing,0,2402,NGO,Central India,2024-06-10
Winter Warmth Drive,Drought,Medicine,0,3433,Corporate,Northeast India,2024-06-11
Cyclone Recovery Drive,Cloudburst,Clothing,0,3095,Diaspora,West India,2024-06-11
Drought Water Mission,Cyclone,Shelter Material,0,2699,Corporate,South India,2024-06-11
Rebuild Kerala,Drought,Shelter Material,0,2460,NGO,South India,2024-06-11
Earthquake Response 2025,Heatwave,Medicine,0,2025,NGO,West India,2024-06-11
Cyclone Recovery Drive,Wildfire,Food,0,1158,Diaspora,East India,2024-06-11
Winter Warmth Drive,Heatwave,Food,0,2773,Corporate,East India,2024-06-12
Rebuild Kerala,Flood,Food,0,445,Diaspora,Northeast India,2024-06-12
Cyclone Recovery Drive,Wildfire,Cash,417607,0,Diaspora,South India,2024-06-12
Flood Relief Fund,Heatwave,Food,0,4105,Corporate,Central India,2024-06-12
Winter Warmth Drive,Heatwave,Shelter Material,0,700,Diaspora,Central India,2024-06-12
Drought Water Mission,Heatwave,Clothing,0,1934,Corporate,East India,2024-06-13
Winter Warmth Drive,Heatwave,Food,0,407,Corporate,East India,2024-06-13
Shelter For All,Drought,Shelter Material,0,113,Individual,North India,2024-06-13
Flood Relief Fund,Flood,Shelter Material,0,1785,Diaspora,East India,2024-06-13
Winter Warmth Drive,Drought,Equipment,0,4809,Government,East India,2024-06-13
Drought Water Mission,Cyclone,Shelter Material,0,1966,Government,West India,2024-06-13
Shelter For All,Flood,Cash,458031,0,NGO,Central India,2024-06-13
Drought Water Mission,Heatwave,Shelter Material,0,1728,Individual,East India,2024-06-13
Medical Camp Drive,Heatwave,Shelter Material,0,42,Individual,West India,2024-06-14
Shelter For All,Drought,Equipment,0,3952,Individual,Central India,2024-06-14
Cyclone Recovery Drive,Heatwave,Medicine,0,2267,Individual,West India,2024-06-14
Earthquake Response 2025,Heatwave,Equipment,0,4237,Government,East India,2024-06-14
Medical Camp Drive,Cloudburst,Equipment,0,3160,NGO,North India,2024-06-14
Rebuild Kerala,Landslide,Medicine,0,2233,Corporate,West India,2024-06-14
Rebuild Kerala,Heatwave,Medicine,0,1232,Government,Central India,2024-06-15
Flood Relief Fund,Wildfire,Clothing,0,2172,NGO,South India,2024-06-15
Flood Relief Fund,Heatwave,Food,0,3494,NGO,South India,2024-06-15
Flood Relief Fund,Flood,Medicine,0,25,Corporate,Northeast India,2024-06-15
Drought Water Mission,Heatwave,Food,0,1854,NGO,Central India,2024-06-15
Rebuild Kerala,Heatwave,Medicine,0,2153,Diaspora,North India,2024-06-15
Cyclone Recovery Drive,Heatwave,Clothing,0,1489,Diaspora,North India,2024-06-15
Earthquake Response 2025,Cyclone,Equipment,0,124,NGO,West India,2024-06-15
Shelter For All,Heatwave,Cash,443978,0,Corporate,Central India,2024-06-16
Flood Relief Fund,Cyclone,Medicine,0,1267,Individual,West India,2024-06-16
Drought Water Mission,Drought,Clothing,0,864,Diaspora,Northeast India,2024-06-16
Shelter For All,Cloudburst,Food,0,2552,Government,West India,2024-06-16
Medical Camp Drive,Cloudburst,Food,0,1269,Corporate,West India,2024-06-16
Winter Warmth Drive,Wildfire,Shelter Material,0,2452,Individual,Central India,2024-06-16
Earthquake Response 2025,Drought,Cash,122196,0,Corporate,Central India,2024-06-17
Shelter For All,Drought,Equipment,0,3884,Corporate,North India,2024-06-17
Medical Camp Drive,Flood,Cash,191995,0,Government,Central India,2024-06-17
Medical Camp Drive,Wildfire,Equipment,0,3605,Individual,West India,2024-06-17
Shelter For All,Heatwave,Medicine,0,1094,Individual,North India,2024-06-17
Flood Relief Fund,Landslide,Clothing,0,1541,Individual,South India,2024-06-17
Winter Warmth Drive,Cloudburst,Shelter Material,0,1669,Corporate,West India,2024-06-17
Earthquake Response 2025,Heatwave,Medicine,0,924,Individual,East India,2024-06-17
Rebuild Kerala,Drought,Equipment,0,3869,Corporate,West India,2024-06-18
Rebuild Kerala,Flood,Medicine,0,620,Government,Central India,2024-06-18
Winter Warmth Drive,Heatwave,Equipment,0,2915,Government,West India,2024-06-18
Earthquake Response 2025,Cyclone,Cash,191760,0,NGO,South India,2024-06-18
Shelter For All,Heatwave,Equipment,0,3684,Individual,East India,2024-06-18
Cyclone Recovery Drive,Wildfire,Medicine,0,2952,Corporate,Central India,2024-06-19
Earthquake Response 2025,Wildfire,Medicine,0,4351,Government,East India,2024-06-19
Shelter For All,Heatwave,Equipment,0,2243,Government,Central India,2024-06-19
Cyclone Recovery Drive,Earthquake,Equipment,0,4801,Individual,North India,2024-06-19
Winter Warmth Drive,Heatwave,Cash,41250,0,NGO,South India,2024-06-19
Drought Water Mission,Cloudburst,Clothing,0,4354,Diaspora,West India,2024-06-20
Shelter For All,Earthquake,Food,0,1491,Diaspora,North India,2024-06-20
Earthquake Response 2025,Heatwave,Clothing,0,3100,NGO,South India,2024-06-20
Drought Water Mission,Flood,Shelter Material,0,2122,Individual,Central India,2024-06-20
Rebuild Kerala,Flood,Clothing,0,3374,Individual,East India,2024-06-20
Medical Camp Drive,Wildfire,Cash,407904,0,Government,East India,2024-06-20
Cyclone Recovery Drive,Cloudburst,Medicine,0,2807,Corporate,North India,2024-06-20
Earthquake Response 2025,Heatwave,Clothing,0,2003,Corporate,Central India,2024-06-21
Drought Water Mission,Wildfire,Clothing,0,4232,Individual,West India,2024-06-21
Cyclone Recovery Drive,Cloudburst,Equipment,0,682,Government,Central India,2024-06-21
Flood Relief Fund,Heatwave,Equipment,0,1981,Individual,North India,2024-06-21
Shelter For All,Cloudburst,Clothing,0,2931,Diaspora,Northeast India,2024-06-21
Medical Camp Drive,Cloudburst,Medicine,0,4749,NGO,West India,2024-06-21
Earthquake Response 2025,Wildfire,Equipment,0,4230,Government,Central India,2024-06-21
Medical Camp Drive,Heatwave,Clothing,0,4201,Government,Central India,2024-06-22
Flood Relief Fund,Heatwave,Clothing,0,1247,Individual,Central India,2024-06-22
Drought Water Mission,Heatwave,Medicine,0,2871,NGO,Central India,2024-06-22
Rebuild Kerala,Drought,Medicine,0,3853,NGO,South India,2024-06-22
Winter Warmth Drive,Flood,Shelter Material,0,375,Diaspora,West India,2024-06-22
Rebuild Kerala,Flood,Equipment,0,4075,Individual,East India,2024-06-22
Flood Relief Fund,Drought,Medicine,0,167,NGO,Northeast India,2024-06-23
Rebuild Kerala,Heatwave,Food,0,1816,Corporate,Central India,2024-06-23
Drought Water Mission,Drought,Medicine,0,3758,Corporate,North India,2024-06-23
Medical Camp Drive,Earthquake,Medicine,0,4878,Government,North India,2024-06-23
Winter Warmth Drive,Cloudburst,Cash,155649,0,Government,North India,2024-06-23
Flood Relief Fund,Drought,Cash,59603,0,Government,North India,2024-06-23
Shelter For All,Drought,Clothing,0,4118,Government,Northeast India,2024-06-23
Earthquake Response 2025,Wildfire,Clothing,0,653,Corporate,East India,2024-06-23
Winter Warmth Drive,Heatwave,Food,0,3758,Diaspora,Central India,2024-06-23
Medical Camp Drive,Wildfire,Clothing,0,261,NGO,South India,2024-06-23
Earthquake Response 2025,Heatwave,Cash,213822,0,Corporate,Northeast India,2024-06-24
Rebuild Kerala,Cyclone,Clothing,0,2481,Government,West India,2024-06-24
Shelter For All,Wildfire,Food,0,4183,Diaspora,Central India,2024-06-24
Winter Warmth Drive,Flood,Shelter Material,0,1391,Government,Central India,2024-06-25
Flood Relief Fund,Heatwave,Medicine,0,4302,NGO,South India,2024-06-25
Shelter For All,Cyclone,Shelter Material,0,1982,Individual,South India,2024-06-25
Winter Warmth Drive,Heatwave,Shelter Material,0,327,Individual,South India,2024-06-25
Earthquake Response 2025,Heatwave,Medicine,0,2262,Government,North India,2024-06-25
Earthquake Response 2025,Heatwave,Cash,307258,0,Diaspora,North India,2024-06-25
Shelter For All,Cloudburst,Food,0,2748,Government,Northeast India,2024-06-25
Medical Camp Drive,Heatwave,Cash,4708776,0,NGO,South India,2024-06-26
Rebuild Kerala,Cyclone,Equipment,0,738,Corporate,West India,2024-06-26
Medical Camp Drive,Flood,Equipment,0,32,Corporate,Central India,2024-06-26
Rebuild Kerala,Heatwave,Equipment,0,3274,NGO,Central India,2024-06-26
Flood Relief Fund,Heatwave,Food,0,1784,Individual,North India,2024-06-26
Earthquake Response 2025,Heatwave,Equipment,0,3323,Diaspora,West India,2024-06-26
Flood Relief Fund,Heatwave,Equipment,0,3955,NGO,Central India,2024-06-26
Cyclone Recovery Drive,Cloudburst,Medicine,0,648,Corporate,North India,2024-06-27
Rebuild Kerala,Cloudburst,Clothing,0,3909,Diaspora,Central India,2024-06-27
Flood Relief Fund,Cloudburst,Equipment,0,2839,Diaspora,West India,2024-06-27
Flood Relief Fund,Flood,Clothing,0,3986,Corporate,West India,2024-06-27
Flood Relief Fund,Drought,Food,0,3785,NGO,North India,2024-06-27
Rebuild Kerala,Cloudburst,Food,0,3200,Government,Central India,2024-06-27
Earthquake Response 2025,Cloudburst,Shelter Material,0,4511,Individual,Northeast India,2024-06-27
Earthquake Response 2025,Cloudburst,Shelter Material,0,3939,NGO,North India,2024-06-27
Flood Relief Fund,Flood,Cash,24068,0,NGO,South India,2024-06-27
Flood Relief Fund,Cyclone,Food,0,4995,Corporate,West India,2024-06-27
Shelter For All,Flood,Cash,498209,0,Government,Central India,2024-06-28
Drought Water Mission,Drought,Medicine,0,4369,Government,Northeast India,2024-06-28
Cyclone Recovery Drive,Wildfire,Cash,311574,0,NGO,Central India,2024-06-28
Rebuild Kerala,Heatwave,Clothing,0,3897,NGO,East India,2024-06-28
Earthquake Response 2025,Wildfire,Food,0,3491,Government,South India,2024-06-28
Shelter For All,Flood,Medicine,0,3603,Government,North India,2024-06-28
Flood Relief Fund,Earthquake,Shelter Material,0,2039,Corporate,West India,2024-06-29
Drought Water Mission,Drought,Equipment,0,1762,Government,North India,2024-06-29
Winter Warmth Drive,Heatwave,Food,0,3497,NGO,West India,2024-06-29
Medical Camp Drive,Flood,Medicine,0,4196,Diaspora,Northeast India,2024-06-29
Rebuild Kerala,Cyclone,Cash,321347,0,Government,South India,2024-06-29
Rebuild Kerala,Landslide,Equipment,0,1019,Corporate,West India,2024-06-29
Flood Relief Fund,Heatwave,Clothing,0,3359,NGO,Central India,2024-06-29
Winter Warmth Drive,Heatwave,Shelter Material,0,163,Individual,North India,2024-06-29
Flood Relief Fund,Cloudburst,Shelter Material,0,3586,Government,Central India,2024-06-30
Medical Camp Drive,Cyclone,Clothing,0,3916,Individual,West India,2024-06-30
Medical Camp Drive,Heatwave,Food,0,1697,Diaspora,Northeast India,2024-06-30
Medical Camp Drive,Cloudburst,Shelter Material,0,2593,Individual,Northeast India,2024-06-30
Rebuild Kerala,Cyclone,Equipment,0,4606,Corporate,South India,2024-06-30
Drought Water Mission,Heatwave,Clothing,0,446,Corporate,Northeast India,2024-06-30
Earthquake Response 2025,Flood,Equipment,0,2412,Diaspora,Central India,2024-07-01
Earthquake Response 2025,Heatwave,Food,0,4243,Individual,Central India,2024-07-01
Shelter For All,Heatwave,Clothing,0,2497,Individual,East India,2024-07-02
Rebuild Kerala,Heatwave,Shelter Material,0,697,NGO,West India,2024-07-02
Cyclone Recovery Drive,Heatwave,Shelter Material,0,2004,NGO,South India,2024-07-03
Winter Warmth Drive,Heatwave,Equipment,0,4036,Diaspora,Central India,2024-07-03
Flood Relief Fund,Flood,Food,0,2169,Individual,South India,2024-07-03
Cyclone Recovery Drive,Cyclone,Equipment,0,2527,Government,West India,2024-07-03
Drought Water Mission,Flood,Clothing,0,4506,Individual,South India,2024-07-03
Shelter For All,Cloudburst,Shelter Material,0,2241,Corporate,Northeast India,2024-07-03
Winter Warmth Drive,Cloudburst,Cash,235949,0,Individual,West India,2024-07-04
Winter Warmth Drive,Heatwave,Clothing,0,368,Individual,South India,2024-07-04
Medical Camp Drive,Heatwave,Food,0,4307,Corporate,South India,2024-07-04
Earthquake Response 2025,Heatwave,Medicine,0,4620,NGO,Central India,2024-07-04
Cyclone Recovery Drive,Heatwave,Cash,462687,0,NGO,West India,2024-07-04
Flood Relief Fund,Cloudburst,Clothing,0,2647,NGO,Central India,2024-07-04
Medical Camp Drive,Cyclone,Medicine,0,3964,Corporate,West India,2024-07-05
Winter Warmth Drive,Heatwave,Shelter Material,0,4956,Government,East India,2024-07-05
Cyclone Recovery Drive,Heatwave,Shelter Material,0,3871,NGO,South India,2024-07-05
Medical Camp Drive,Flood,Medicine,0,1517,NGO,West India,2024-07-05
Drought Water Mission,Wildfire,Clothing,0,3432,Corporate,Central India,2024-07-06
Medical Camp Drive,Flood,Clothing,0,3012,Diaspora,Central India,2024-07-06
Flood Relief Fund,Flood,Cash,107948,0,Government,South India,2024-07-06
Cyclone Recovery Drive,Landslide,Cash,446458,0,Diaspora,West India,2024-07-06
Cyclone Recovery Drive,Flood,Equipment,0,1735,Government,Northeast India,2024-07-06
Cyclone Recovery Drive,Heatwave,Medicine,0,483,Corporate,South India,2024-07-06
Cyclone Recovery Drive,Heatwave,Equipment,0,965,Individual,South India,2024-07-06
Shelter For All,Flood,Cash,195080,0,Diaspora,South India,2024-07-06
Flood Relief Fund,Cyclone,Shelter Material,0,2528,NGO,West India,2024-07-06
Shelter For All,Heatwave,Food,0,4814,Government,West India,2024-07-06
Drought Water Mission,Flood,Equipment,0,168,Diaspora,Northeast India,2024-07-06
Drought Water Mission,Wildfire,Cash,204370,0,Government,Central India,2024-07-06
Earthquake Response 2025,Flood,Food,0,4278,Individual,Northeast India,2024-07-07
Cyclone Recovery Drive,Heatwave,Equipment,0,1590,Corporate,North India,2024-07-07
Winter Warmth Drive,Landslide,Clothing,0,4801,Individual,Northeast India,2024-07-07
Drought Water Mission,Flood,Equipment,0,91,Government,South India,2024-07-07
Medical Camp Drive,Flood,Shelter Material,0,2665,NGO,South India,2024-07-08
Rebuild Kerala,Cloudburst,Cash,335824,0,Individual,West India,2024-07-08
Rebuild Kerala,Heatwave,Clothing,0,3516,Government,Central India,2024-07-08
Winter Warmth Drive,Flood,Medicine,0,2720,Diaspora,South India,2024-07-08
Rebuild Kerala,Heatwave,Food,0,3556,Diaspora,North India,2024-07-09
Flood Relief Fund,Heatwave,Shelter Material,0,4008,Government,North India,2024-07-09
Drought Water Mission,Flood,Medicine,0,3085,Individual,Northeast India,2024-07-09
Shelter For All,Flood,Food,0,435,Corporate,West India,2024-07-09
Flood Relief Fund,Heatwave,Clothing,0,842,Individual,South India,2024-07-09
Winter Warmth Drive,Heatwave,Cash,436390,0,Corporate,Central India,2024-07-09
Cyclone Recovery Drive,Flood,Medicine,0,4015,Corporate,West India,2024-07-09
Rebuild Kerala,Cloudburst,Cash,408739,0,Diaspora,Northeast India,2024-07-10
Cyclone Recovery Drive,Flood,Equipment,0,1183,Individual,South India,2024-07-10
Medical Camp Drive,Heatwave,Food,0,4517,Corporate,Northeast India,2024-07-10
Medical Camp Drive,Cloudburst,Food,0,1756,NGO,Central India,2024-07-10
Earthquake Response 2025,Heatwave,Clothing,0,4771,Corporate,West India,2024-07-10
Flood Relief Fund,Heatwave,Clothing,0,648,Government,South India,2024-07-11
Drought Water Mission,Heatwave,Cash,172262,0,NGO,South India,2024-07-11
Earthquake Response 2025,Heatwave,Food,0,3836,Corporate,South India,2024-07-11
Rebuild Kerala,Heatwave,Shelter Material,0,4673,Diaspora,Central India,2024-07-11
Rebuild Kerala,Landslide,Clothing,0,1639,Government,West India,2024-07-11
Winter Warmth Drive,Heatwave,Clothing,0,4395,Government,Northeast India,2024-07-12
Earthquake Response 2025,Flood,Cash,469443,0,Corporate,North India,2024-07-12
Rebuild Kerala,Landslide,Cash,434605,0,Diaspora,East India,2024-07-12
Winter Warmth Drive,Earthquake,Equipment,0,2803,Diaspora,West India,2024-07-12
Shelter For All,Heatwave,Equipment,0,298,NGO,Central India,2024-07-13
Shelter For All,Flood,Equipment,0,1698,Individual,Central India,2024-07-13
Earthquake Response 2025,Flood,Clothing,0,1128,NGO,Northeast India,2024-07-13
Flood Relief Fund,Heatwave,Equipment,0,1722,Corporate,Central India,2024-07-13
Flood Relief Fund,Cloudburst,Food,0,3192,Individual,Northeast India,2024-07-14
Shelter For All,Cloudburst,Medicine,0,1585,NGO,West India,2024-07-14
Shelter For All,Landslide,Food,0,764,Individual,Northeast India,2024-07-14
Winter Warmth Drive,Heatwave,Food,0,1874,NGO,North India,2024-07-15
Shelter For All,Flood,Shelter Material,0,4171,Diaspora,Central India,2024-07-15
Earthquake Response 2025,Flood,Food,0,4786,NGO,Central India,2024-07-15
Earthquake Response 2025,Landslide,Food,0,3059,Government,Northeast India,2024-07-15
Drought Water Mission,Landslide,Clothing,0,4597,Diaspora,Northeast India,2024-07-15
Medical Camp Drive,Heatwave,Equipment,0,452,Individual,Central India,2024-07-15
Shelter For All,Flood,Cash,296079,0,Diaspora,West India,2024-07-16
Cyclone Recovery Drive,Flood,Cash,147610,0,NGO,Central India,2024-07-16
Earthquake Response 2025,Earthquake,Medicine,0,4795,Government,West India,2024-07-16
Shelter For All,Heatwave,Shelter Material,0,3235,NGO,East India,2024-07-16
Cyclone Recovery Drive,Heatwave,Clothing,0,2737,Individual,South India,2024-07-17
Winter Warmth Drive,Flood,Medicine,0,1134,Diaspora,Central India,2024-07-17
Shelter For All,Cloudburst,Food,0,1191,Individual,Northeast India,2024-07-17
Earthquake Response 2025,Landslide,Shelter Material,0,1064,Government,Northeast India,2024-07-17
Shelter For All,Flood,Shelter Material,0,4184,Individual,East India,2024-07-17
Earthquake Response 2025,Landslide,Food,0,4783,NGO,South India,2024-07-17
Flood Relief Fund,Heatwave,Clothing,0,1867,Individual,South India,2024-07-17
Winter Warmth Drive,Landslide,Food,0,1392,Corporate,Northeast India,2024-07-17
Flood Relief Fund,Heatwave,Clothing,0,1584,Corporate,Central India,2024-07-18
Drought Water Mission,Flood,Shelter Material,0,3200,Government,East India,2024-07-18
Rebuild Kerala,Flood,Clothing,0,1632,Individual,South India,2024-07-18
Rebuild Kerala,Flood,Shelter Material,0,3487,Diaspora,West India,2024-07-18
Cyclone Recovery Drive,Heatwave,Clothing,0,3881,Government,Central India,2024-07-18
Flood Relief Fund,Heatwave,Cash,33633,0,Diaspora,East India,2024-07-18
Winter Warmth Drive,Cloudburst,Shelter Material,0,2538,Diaspora,West India,2024-07-18
Winter Warmth Drive,Cloudburst,Food,0,2224,NGO,Central India,2024-07-18
Drought Water Mission,Landslide,Shelter Material,0,4866,Diaspora,West India,2024-07-19
Rebuild Kerala,Heatwave,Shelter Material,0,4472,Government,Central India,2024-07-20
Cyclone Recovery Drive,Flood,Shelter Material,0,3084,Government,North India,2024-07-20
Earthquake Response 2025,Earthquake,Food,0,287,Government,North India,2024-07-20
Medical Camp Drive,Heatwave,Shelter Material,0,22,NGO,North India,2024-07-20
Drought Water Mission,Cloudburst,Clothing,0,58,Government,Northeast India,2024-07-20
Rebuild Kerala,Heatwave,Shelter Material,0,1969,NGO,Central India,2024-07-20
Flood Relief Fund,Flood,Shelter Material,0,4201,Individual,South India,2024-07-20
Rebuild Kerala,Heatwave,Cash,25686,0,Corporate,East India,2024-07-21
Cyclone Recovery Drive,Landslide,Clothing,0,4233,Individual,Northeast India,2024-07-21
Drought Water Mission,Heatwave,Cash,134399,0,Government,Central India,2024-07-21
Winter Warmth Drive,Cloudburst,Clothing,0,2169,Corporate,Northeast India,2024-07-21
Cyclone Recovery Drive,Heatwave,Cash,209529,0,NGO,Northeast India,2024-07-21
Rebuild Kerala,Heatwave,Food,0,3049,NGO,West India,2024-07-21
Winter Warmth Drive,Flood,Clothing,0,409,Individual,Central India,2024-07-22
Cyclone Recovery Drive,Cloudburst,Food,0,2390,Government,Northeast India,2024-07-22
Shelter For All,Landslide,Shelter Material,0,212,Government,Northeast India,2024-07-22
Rebuild Kerala,Flood,Food,0,4323,Corporate,West India,2024-07-23
Drought Water Mission,Flood,Equipment,0,2124,Individual,East India,2024-07-23
Medical Camp Drive,Flood,Cash,67747,0,Diaspora,South India,2024-07-23
Shelter For All,Heatwave,Equipment,0,1910,Corporate,South India,2024-07-23
Rebuild Kerala,Cloudburst,Food,0,3550,NGO,West India,2024-07-23
Winter Warmth Drive,Cloudburst,Clothing,0,1683,NGO,Central India,2024-07-23
Medical Camp Drive,Flood,Food,0,777,Corporate,South India,2024-07-23
Medical Camp Drive,Landslide,Shelter Material,0,4423,Corporate,North India,2024-07-24
Earthquake Response 2025,Flood,Medicine,0,4016,Diaspora,South India,2024-07-24
Flood Relief Fund,Flood,Food,0,4199,NGO,East India,2024-07-24
Winter Warmth Drive,Flood,Shelter Material,0,4644,NGO,Northeast India,2024-07-24
Flood Relief Fund,Flood,Cash,360210,0,Individual,North India,2024-07-24
Winter Warmth Drive,Flood,Medicine,0,3884,Corporate,Central India,2024-07-24
Rebuild Kerala,Heatwave,Cash,208296,0,Individual,Central India,2024-07-24
Drought Water Mission,Flood,Medicine,0,2360,NGO,South India,2024-07-25
Shelter For All,Cloudburst,Clothing,0,2554,Government,West India,2024-07-25
Drought Water Mission,Flood,Clothing,0,4570,Government,East India,2024-07-25
Drought Water Mission,Flood,Equipment,0,2477,Corporate,West India,2024-07-25
Cyclone Recovery Drive,Earthquake,Shelter Material,0,2054,Diaspora,North India,2024-07-26
Earthquake Response 2025,Earthquake,Shelter Material,0,130,Diaspora,North India,2024-07-26
Rebuild Kerala,Flood,Food,0,4012,Corporate,North India,2024-07-26
Earthquake Response 2025,Flood,Equipment,0,2230,NGO,South India,2024-07-26
Winter Warmth Drive,Landslide,Clothing,0,3386,Individual,Northeast India,2024-07-26
Flood Relief Fund,Flood,Equipment,0,1911,Government,West India,2024-07-26
Earthquake Response 2025,Heatwave,Shelter Material,0,2282,NGO,Central India,2024-07-27
Shelter For All,Landslide,Food,0,452,NGO,Northeast India,2024-07-27
Winter Warmth Drive,Heatwave,Shelter Material,0,4733,Individual,South India,2024-07-27
Cyclone Recovery Drive,Flood,Clothing,0,1307,Individual,South India,2024-07-27
Earthquake Response 2025,Cloudburst,Cash,205196,0,Diaspora,West India,2024-07-27
Winter Warmth Drive,Flood,Cash,220970,0,Corporate,North India,2024-07-27
Flood Relief Fund,Heatwave,Equipment,0,2467,Corporate,Northeast India,2024-07-27
Medical Camp Drive,Heatwave,Shelter Material,0,2860,Diaspora,Central India,2024-07-27
Cyclone Recovery Drive,Heatwave,Equipment,0,3753,NGO,North India,2024-07-28
Rebuild Kerala,Heatwave,Food,0,4299,Government,North India,2024-07-28
Shelter For All,Heatwave,Shelter Material,0,3524,Government,North India,2024-07-28
Medical Camp Drive,Flood,Cash,188832,0,NGO,South India,2024-07-28
Shelter For All,Flood,Food,0,546,Individual,Central India,2024-07-29
Shelter For All,Flood,Cash,488652,0,Diaspora,North India,2024-07-29
Drought Water Mission,Flood,Medicine,0,4724,Individual,South India,2024-07-29
Rebuild Kerala,Flood,Clothing,0,1468,Individual,West India,2024-07-30
Winter Warmth Drive,Flood,Clothing,0,363,Corporate,Central India,2024-07-30
Winter Warmth Drive,Landslide,Equipment,0,3786,Corporate,Northeast India,2024-07-30
Flood Relief Fund,Flood,Medicine,0,3663,NGO,Northeast India,2024-07-30
Earthquake Response 2025,Flood,Medicine,0,1414,Individual,East India,2024-07-30
Flood Relief Fund,Heatwave,Equipment,0,4378,Corporate,South India,2024-07-30
Flood Relief Fund,Landslide,Cash,190369,0,Corporate,North India,2024-07-31
Rebuild Kerala,Landslide,Food,0,1541,Individual,Northeast India,2024-07-31
Earthquake Response 2025,Landslide,Shelter Material,0,1809,Government,Northeast India,2024-07-31
Medical Camp Drive,Flood,Equipment,0,757,Corporate,West India,2024-07-31
Drought Water Mission,Cloudburst,Clothing,0,2293,Corporate,Central India,2024-07-31
Flood Relief Fund,Flood,Equipment,0,2981,Government,East India,2024-07-31
Medical Camp Drive,Cloudburst,Cash,11923,0,Government,West India,2024-07-31
Drought Water Mission,Landslide,Equipment,0,2965,NGO,Northeast India,2024-07-31
Rebuild Kerala,Cloudburst,Medicine,0,1066,Individual,West India,2024-07-31
Cyclone Recovery Drive,Flood,Shelter Material,0,122,NGO,South India,2024-08-01
Shelter For All,Landslide,Food,0,1005,Individual,Northeast India,2024-08-01
Rebuild Kerala,Flood,Equipment,0,713,Corporate,East India,2024-08-01
Cyclone Recovery Drive,Cloudburst,Food,0,4242,Diaspora,West India,2024-08-01
Medical Camp Drive,Cloudburst,Food,0,1043,Corporate,West India,2024-08-02
Rebuild Kerala,Flood,Cash,472714,0,Government,East India,2024-08-02
Cyclone Recovery Drive,Cloudburst,Food,0,2987,Individual,West India,2024-08-02
Rebuild Kerala,Landslide,Medicine,0,3302,Corporate,Northeast India,2024-08-03
Winter Warmth Drive,Landslide,Equipment,0,2129,NGO,Northeast India,2024-08-03
Rebuild Kerala,Flood,Medicine,0,4211,NGO,East India,2024-08-03
Drought Water Mission,Flood,Shelter Material,0,1046,Diaspora,North India,2024-08-03
Cyclone Recovery Drive,Cloudburst,Cash,426516,0,Individual,South India,2024-08-04
Shelter For All,Cloudburst,Cash,462588,0,Diaspora,South India,2024-08-04
Earthquake Response 2025,Flood,Equipment,0,340,Government,Northeast India,2024-08-04
Shelter For All,Flood,Food,0,3364,Individual,South India,2024-08-04
Flood Relief Fund,Earthquake,Equipment,0,3507,Individual,North India,2024-08-04
Flood Relief Fund,Cloudburst,Cash,43121,0,NGO,Central India,2024-08-04
Rebuild Kerala,Flood,Clothing,0,3556,Diaspora,Central India,2024-08-04
Medical Camp Drive,Landslide,Food,0,3678,Diaspora,North India,2024-08-05
Cyclone Recovery Drive,Flood,Shelter Material,0,784,Diaspora,Central India,2024-08-05
Drought Water Mission,Landslide,Food,0,3696,Diaspora,Northeast India,2024-08-06
Earthquake Response 2025,Flood,Cash,484408,0,Corporate,South India,2024-08-06
Winter Warmth Drive,Cloudburst,Medicine,0,1844,NGO,South India,2024-08-06
Drought Water Mission,Flood,Food,0,196,Government,East India,2024-08-06
Shelter For All,Flood,Equipment,0,763,Corporate,Central India,2024-08-06
Flood Relief Fund,Flood,Equipment,0,4052,Government,Northeast India,2024-08-07
Rebuild Kerala,Landslide,Cash,105405,0,Government,Northeast India,2024-08-08
Earthquake Response 2025,Cloudburst,Medicine,0,2586,Individual,West India,2024-08-08
Medical Camp Drive,Earthquake,Food,0,711,Diaspora,North India,2024-08-08
Medical Camp Drive,Landslide,Medicine,0,2635,Corporate,East India,2024-08-08
Winter Warmth Drive,Heatwave,Shelter Material,0,4480,Individual,East India,2024-08-09
Winter Warmth Drive,Earthquake,Food,0,1556,Corporate,Northeast India,2024-08-09
Winter Warmth Drive,Flood,Food,0,4707,NGO,North India,2024-08-09
Medical Camp Drive,Flood,Food,0,3261,Government,South India,2024-08-10
Winter Warmth Drive,Cloudburst,Shelter Material,0,1892,Government,Central India,2024-08-10
Earthquake Response 2025,Cloudburst,Food,0,2064,Government,South India,2024-08-10
Rebuild Kerala,Flood,Clothing,0,1939,Individual,West India,2024-08-11
Medical Camp Drive,Flood,Equipment,0,1379,Individual,East India,2024-08-11
Drought Water Mission,Earthquake,Medicine,0,2579,Government,North India,2024-08-11
Rebuild Kerala,Flood,Shelter Material,0,3902,Government,North India,2024-08-11
Shelter For All,Earthquake,Cash,3925260,0,Government,Northeast India,2024-08-11
Earthquake Response 2025,Flood,Clothing,0,4333,Individual,Central India,2024-08-11
Rebuild Kerala,Cloudburst,Equipment,0,1147,Corporate,South India,2024-08-12
Drought Water Mission,Cloudburst,Medicine,0,1276,Individual,Northeast India,2024-08-12
Winter Warmth Drive,Cloudburst,Equipment,0,3650,Diaspora,South India,2024-08-13
Medical Camp Drive,Flood,Medicine,0,219,NGO,North India,2024-08-13
Drought Water Mission,Landslide,Equipment,0,420,NGO,North India,2024-08-13
Winter Warmth Drive,Flood,Equipment,0,1128,Corporate,South India,2024-08-14
Winter Warmth Drive,Landslide,Cash,150402,0,NGO,Northeast India,2024-08-15
Shelter For All,Flood,Cash,476252,0,Corporate,West India,2024-08-16
Drought Water Mission,Flood,Cash,370916,0,Corporate,East India,2024-08-16
Cyclone Recovery Drive,Flood,Cash,188651,0,Individual,East India,2024-08-16
Earthquake Response 2025,Flood,Clothing,0,4130,Diaspora,Northeast India,2024-08-17
Earthquake Response 2025,Flood,Cash,251045,0,Government,South India,2024-08-17
Rebuild Kerala,Flood,Food,0,1175,NGO,West India,2024-08-17
Winter Warmth Drive,Cloudburst,Medicine,0,1025,Corporate,South India,2024-08-17
Drought Water Mission,Landslide,Shelter Material,0,3243,NGO,Northeast India,2024-08-17
Drought Water Mission,Flood,Equipment,0,1126,Government,Central India,2024-08-17
Medical Camp Drive,Flood,Medicine,0,1186,Corporate,West India,2024-08-18
Medical Camp Drive,Landslide,Food,0,4267,Diaspora,Northeast India,2024-08-18
Cyclone Recovery Drive,Cloudburst,Medicine,0,1953,Diaspora,Central India,2024-08-18
Shelter For All,Flood,Clothing,0,1893,Diaspora,Northeast India,2024-08-19
Rebuild Kerala,Cloudburst,Cash,328148,0,Government,South India,2024-08-19
Drought Water Mission,Flood,Equipment,0,3120,NGO,North India,2024-08-20
Medical Camp Drive,Flood,Equipment,0,4986,NGO,North India,2024-08-20
Cyclone Recovery Drive,Flood,Cash,330153,0,Government,East India,2024-08-20
Earthquake Response 2025,Flood,Cash,69645,0,NGO,West India,2024-08-20
Drought Water Mission,Flood,Clothing,0,4204,Individual,East India,2024-08-20
Medical Camp Drive,Cloudburst,Clothing,0,1828,Corporate,Central India,2024-08-21
Cyclone Recovery Drive,Flood,Cash,2143632,0,Corporate,North India,2024-08-21
Winter Warmth Drive,Cloudburst,Clothing,0,962,Individual,Northeast India,2024-08-21
Flood Relief Fund,Cloudburst,Shelter Material,0,2098,Corporate,West India,2024-08-21
Flood Relief Fund,Landslide,Shelter Material,0,4934,Diaspora,South India,2024-08-21
Shelter For All,Earthquake,Shelter Material,0,3461,Government,Northeast India,2024-08-22
Rebuild Kerala,Flood,Cash,328996,0,Government,East India,2024-08-22
Earthquake Response 2025,Cloudburst,Food,0,2082,Corporate,South India,2024-08-22
Cyclone Recovery Drive,Flood,Equipment,0,3258,Diaspora,North India,2024-08-23
Shelter For All,Flood,Clothing,0,3031,Diaspora,Northeast India,2024-08-23
Cyclone Recovery Drive,Flood,Shelter Material,0,1301,Government,Central India,2024-08-23
Shelter For All,Flood,Food,0,3219,Diaspora,North India,2024-08-23
Drought Water Mission,Landslide,Food,0,18,NGO,South India,2024-08-23
Drought Water Mission,Flood,Clothing,0,2290,NGO,West India,2024-08-24
Cyclone Recovery Drive,Landslide,Equipment,0,4949,Government,Northeast India,2024-08-24
Medical Camp Drive,Flood,Equipment,0,2688,Diaspora,South India,2024-08-24
Shelter For All,Flood,Cash,117105,0,NGO,Central India,2024-08-24
Drought Water Mission,Cloudburst,Medicine,0,1530,Diaspora,Central India,2024-08-26
Earthquake Response 2025,Flood,Cash,14787,0,Government,Central India,2024-08-26
Earthquake Response 2025,Cloudburst,Cash,126936,0,Diaspora,Northeast India,2024-08-26
Shelter For All,Landslide,Food,0,3003,Corporate,Northeast India,2024-08-26
Shelter For All,Flood,Medicine,0,1845,Corporate,West India,2024-08-27
Drought Water Mission,Flood,Food,0,607,Government,Central India,2024-08-27
Medical Camp Drive,Landslide,Food,0,3060,Corporate,North India,2024-08-27
Rebuild Kerala,Flood,Food,0,1574,Government,Central India,2024-08-27
Earthquake Response 2025,Flood,Shelter Material,0,4942,Individual,Central India,2024-08-28
Flood Relief Fund,Flood,Medicine,0,85,Government,East India,2024-08-28
Winter Warmth Drive,Landslide,Food,0,2881,Individual,Northeast India,2024-08-28
Medical Camp Drive,Cloudburst,Clothing,0,2195,Corporate,South India,2024-08-28
Flood Relief Fund,Flood,Cash,201290,0,NGO,North India,2024-08-29
Rebuild Kerala,Earthquake,Medicine,0,2420,NGO,East India,2024-08-29
Earthquake Response 2025,Flood,Cash,289191,0,Diaspora,East India,2024-08-29
Flood Relief Fund,Flood,Food,0,899,NGO,Central India,2024-08-29
Cyclone Recovery Drive,Landslide,Food,0,169,Individual,Northeast India,2024-08-29
Flood Relief Fund,Cloudburst,Cash,288475,0,Individual,South India,2024-08-29
Winter Warmth Drive,Cloudburst,Medicine,0,4692,NGO,Northeast India,2024-08-29
Rebuild Kerala,Flood,Clothing,0,1311,Corporate,Central India,2024-08-30
Rebuild Kerala,Flood,Medicine,0,3462,Government,West India,2024-08-30
Earthquake Response 2025,Cloudburst,Shelter Material,0,2356,Individual,South India,2024-08-30
Flood Relief Fund,Earthquake,Shelter Material,0,1458,Individual,East India,2024-08-30
Winter Warmth Drive,Flood,Medicine,0,1425,NGO,East India,2024-08-30
Winter Warmth Drive,Flood,Medicine,0,1960,NGO,East India,2024-08-31
Shelter For All,Landslide,Clothing,0,2020,NGO,North India,2024-08-31
Rebuild Kerala,Flood,Shelter Material,0,2272,Individual,Central India,2024-08-31
Earthquake Response 2025,Landslide,Shelter Material,0,1554,Government,South India,2024-08-31
Cyclone Recovery Drive,Cloudburst,Food,0,3163,NGO,South India,2024-08-31
Winter Warmth Drive,Flood,Cash,414267,0,Corporate,South India,2024-09-01
Cyclone Recovery Drive,Cloudburst,Clothing,0,876,Corporate,Northeast India,2024-09-01
Winter Warmth Drive,Flood,Cash,383812,0,Diaspora,Central India,2024-09-01
Winter Warmth Drive,Flood,Clothing,0,2645,NGO,West India,2024-09-02
Shelter For All,Flood,Food,0,4189,Diaspora,East India,2024-09-02
Winter Warmth Drive,Flood,Equipment,0,3794,Diaspora,Central India,2024-09-03
Rebuild Kerala,Flood,Shelter Material,0,1386,NGO,East India,2024-09-03
Earthquake Response 2025,Flood,Clothing,0,4991,Individual,South India,2024-09-03
Earthquake Response 2025,Landslide,Cash,429950,0,Individual,Northeast India,2024-09-03
Cyclone Recovery Drive,Flood,Food,0,3010,Corporate,Northeast India,2024-09-04
Winter Warmth Drive,Flood,Food,0,1934,Individual,East India,2024-09-04
Drought Water Mission,Earthquake,Shelter Material,0,3075,Individual,East India,2024-09-04
Winter Warmth Drive,Landslide,Clothing,0,2581,Government,Northeast India,2024-09-04
Earthquake Response 2025,Flood,Clothing,0,1735,Corporate,South India,2024-09-04
Earthquake Response 2025,Landslide,Clothing,0,1976,Diaspora,North India,2024-09-05
Drought Water Mission,Flood,Food,0,1112,Individual,West India,2024-09-05
Rebuild Kerala,Cloudburst,Food,0,124,Government,North India,2024-09-06
Winter Warmth Drive,Flood,Clothing,0,3775,Government,East India,2024-09-06
